term,float_weight,integer_weight
intercept,-27796.240870759724,-27796
charring,5.823332706807491,6
sliminess,886.8507876113844,887
